,precision,recall,f1-score,support
0,0.7692307692307693,0.8333333333333334,0.8,12.0
1,0.8333333333333334,0.9375,0.8823529411764706,16.0
2,1.0,0.4,0.5714285714285714,10.0
3,0.6875,0.8461538461538461,0.7586206896551724,13.0
4,0.7857142857142857,0.7857142857142857,0.7857142857142857,14.0
6,0.8461538461538461,0.8461538461538461,0.8461538461538461,13.0
accuracy,0.7948717948717948,0.7948717948717948,0.7948717948717948,0.7948717948717948
macro avg,0.820322039072039,0.7748092185592186,0.7740450556880577,78.0
weighted avg,0.8141231097961867,0.7948717948717948,0.7858205351105959,78.0
