,precision,recall,f1-score,support
0,0.8,0.6666666666666666,0.7272727272727273,12.0
1,0.875,0.875,0.875,16.0
2,0.5714285714285714,0.4,0.47058823529411764,10.0
3,0.6666666666666666,0.9230769230769231,0.7741935483870968,13.0
4,0.8,0.8571428571428571,0.8275862068965517,14.0
6,0.9166666666666666,0.8461538461538461,0.88,13.0
accuracy,0.782051282051282,0.782051282051282,0.782051282051282,0.782051282051282
macro avg,0.7716269841269842,0.7613400488400489,0.7591067863084154,78.0
weighted avg,0.7833028083028083,0.782051282051282,0.775947155202537,78.0
