,precision,recall,f1-score,support
0,0.9166666666666666,0.9166666666666666,0.9166666666666666,12.0
1,0.8235294117647058,0.875,0.8484848484848485,16.0
2,0.8571428571428571,0.6,0.7058823529411765,10.0
3,0.8125,1.0,0.896551724137931,13.0
4,0.9230769230769231,0.8571428571428571,0.8888888888888888,14.0
6,0.9230769230769231,0.9230769230769231,0.9230769230769231,13.0
accuracy,0.8717948717948718,0.8717948717948718,0.8717948717948718,0.8717948717948718
macro avg,0.8759987969546793,0.8619810744810744,0.8632585673660724,78.0
weighted avg,0.8747881549069333,0.8717948717948718,0.8683871533770113,78.0
