,precision,recall,f1-score,support
0,0.7857142857142857,0.9166666666666666,0.8461538461538461,12.0
1,0.875,0.875,0.875,16.0
2,0.8333333333333334,0.5,0.625,10.0
3,0.8333333333333334,0.7692307692307693,0.8,13.0
4,0.8,0.8571428571428571,0.8275862068965517,14.0
6,0.8666666666666667,1.0,0.9285714285714286,13.0
accuracy,0.8333333333333334,0.8333333333333334,0.8333333333333334,0.8333333333333334
macro avg,0.8323412698412698,0.8196733821733821,0.8170519136036378,78.0
weighted avg,0.8341269841269843,0.8333333333333334,0.8264292515618775,78.0
