,precision,recall,f1-score,support
0,1.0,0.5833333333333334,0.7368421052631579,12.0
1,0.9375,0.9375,0.9375,16.0
2,0.6428571428571429,0.9,0.75,10.0
3,0.8571428571428571,0.9230769230769231,0.8888888888888888,13.0
4,0.7333333333333333,0.7857142857142857,0.7586206896551724,14.0
6,1.0,0.9230769230769231,0.96,13.0
accuracy,0.8461538461538461,0.8461538461538461,0.8461538461538461,0.8461538461538461
macro avg,0.8618055555555556,0.842116910866911,0.8386419473012032,78.0
weighted avg,0.8697191697191696,0.8461538461538461,0.8461326983831521,78.0
