,precision,recall,f1-score,support
0,1.0,0.9166666666666666,0.9565217391304348,12.0
1,1.0,0.75,0.8571428571428571,16.0
2,0.3333333333333333,0.1,0.15384615384615385,10.0
3,0.6470588235294118,0.8461538461538461,0.7333333333333333,13.0
4,0.6842105263157895,0.9285714285714286,0.7878787878787878,14.0
6,0.8125,1.0,0.896551724137931,13.0
accuracy,0.782051282051282,0.782051282051282,0.782051282051282,0.782051282051282
macro avg,0.7461837805297558,0.7568986568986569,0.7308790992449165,78.0
weighted avg,0.76777622317483,0.782051282051282,0.7557668833300248,78.0
