,precision,recall,f1-score,support
0,1.0,0.9166666666666666,0.9565217391304348,12.0
1,0.8666666666666667,0.8125,0.8387096774193549,16.0
2,0.375,0.6,0.46153846153846156,10.0
3,0.8333333333333334,0.7692307692307693,0.8,13.0
4,1.0,0.7142857142857143,0.8333333333333334,14.0
6,0.9285714285714286,1.0,0.9629629629629629,13.0
accuracy,0.8076923076923077,0.8076923076923077,0.8076923076923077,0.8076923076923077
macro avg,0.8339285714285715,0.8021138583638584,0.8088443623974246,78.0
weighted avg,0.8528388278388278,0.8076923076923077,0.8217716090877527,78.0
