,precision,recall,f1-score,support
0,0.7692307692307693,0.8333333333333334,0.8,12.0
1,0.8125,0.8125,0.8125,16.0
2,1.0,0.6,0.75,10.0
3,0.75,0.9230769230769231,0.8275862068965517,13.0
4,0.9230769230769231,0.8571428571428571,0.8888888888888888,14.0
6,0.7857142857142857,0.8461538461538461,0.8148148148148148,13.0
accuracy,0.8205128205128205,0.8205128205128205,0.8205128205128205,0.8205128205128205
macro avg,0.8400869963369964,0.8120344932844933,0.8156316517667092,78.0
weighted avg,0.8348478444632291,0.8205128205128205,0.8191750990601565,78.0
