,precision,recall,f1-score,support
0,0.8333333333333334,0.8333333333333334,0.8333333333333334,12.0
1,0.75,0.9375,0.8333333333333334,16.0
2,0.5,0.4,0.4444444444444444,10.0
3,0.8888888888888888,0.6153846153846154,0.7272727272727273,13.0
4,0.7647058823529411,0.9285714285714286,0.8387096774193549,14.0
6,0.9166666666666666,0.8461538461538461,0.88,13.0
accuracy,0.782051282051282,0.782051282051282,0.782051282051282,0.782051282051282
macro avg,0.7755991285403051,0.7601572039072039,0.7595155859671988,78.0
weighted avg,0.7843346740405563,0.782051282051282,0.7745417784127461,78.0
