,precision,recall,f1-score,support
0,0.7333333333333333,0.9166666666666666,0.8148148148148148,12.0
1,0.9285714285714286,0.8125,0.8666666666666667,16.0
2,0.4166666666666667,0.5,0.45454545454545453,10.0
3,0.7692307692307693,0.7692307692307693,0.7692307692307693,13.0
4,0.8,0.5714285714285714,0.6666666666666666,14.0
6,0.7857142857142857,0.8461538461538461,0.8148148148148148,13.0
accuracy,0.7435897435897436,0.7435897435897436,0.7435897435897436,0.7435897435897436
macro avg,0.7389194139194138,0.7359966422466422,0.7311231977898643,78.0
weighted avg,0.7594627594627595,0.7435897435897436,0.7450746784080118,78.0
