,precision,recall,f1-score,support
0,0.7894736842105263,1.0,0.8823529411764706,15.0
1,1.0,0.5714285714285714,0.7272727272727273,7.0
2,0.8,0.6666666666666666,0.7272727272727273,6.0
3,1.0,0.3333333333333333,0.5,6.0
4,0.7,0.7777777777777778,0.7368421052631579,9.0
5,0.7142857142857143,1.0,0.8333333333333334,5.0
6,0.8571428571428571,1.0,0.9230769230769231,6.0
accuracy,0.7962962962962963,0.7962962962962963,0.7962962962962963,0.7962962962962963
macro avg,0.8372717508055854,0.7641723356009071,0.7614501081993342,54.0
weighted avg,0.8269702032859927,0.7962962962962963,0.7782693837905396,54.0
