,precision,recall,f1-score,support
0,0.9285714285714286,0.8666666666666667,0.896551724137931,15.0
1,1.0,1.0,1.0,7.0
2,0.6666666666666666,0.3333333333333333,0.4444444444444444,6.0
3,1.0,0.6666666666666666,0.8,6.0
4,0.6666666666666666,0.8888888888888888,0.7619047619047619,9.0
5,0.8333333333333334,1.0,0.9090909090909091,5.0
6,0.75,1.0,0.8571428571428571,6.0
accuracy,0.8333333333333334,0.8333333333333334,0.8333333333333334,0.8333333333333334
macro avg,0.8350340136054422,0.8222222222222222,0.8098763852458433,54.0
weighted avg,0.8443562610229277,0.8333333333333334,0.8233406865590774,54.0
