,precision,recall,f1-score,support
0,0.9230769230769231,0.8,0.8571428571428571,15.0
1,1.0,0.8571428571428571,0.9230769230769231,7.0
2,1.0,0.6666666666666666,0.8,6.0
3,0.5714285714285714,0.6666666666666666,0.6153846153846154,6.0
4,0.7,0.7777777777777778,0.7368421052631579,9.0
5,0.8333333333333334,1.0,0.9090909090909091,5.0
6,0.75,1.0,0.8571428571428571,6.0
accuracy,0.8148148148148148,0.8148148148148148,0.8148148148148148,0.8148148148148148
macro avg,0.8254055468341183,0.8240362811791382,0.8140971810144741,54.0
weighted avg,0.837803554470221,0.8148148148148148,0.817238511975354,54.0
