,precision,recall,f1-score,support
0,0.8571428571428571,0.8,0.8275862068965517,15.0
1,0.8571428571428571,0.8571428571428571,0.8571428571428571,7.0
2,0.5,0.16666666666666666,0.25,6.0
3,0.6,0.5,0.5454545454545454,6.0
4,0.5454545454545454,0.6666666666666666,0.6,9.0
5,0.8333333333333334,1.0,0.9090909090909091,5.0
6,0.6666666666666666,1.0,0.8,6.0
accuracy,0.7222222222222222,0.7222222222222222,0.7222222222222222,0.7222222222222222
macro avg,0.6942486085343228,0.7129251700680272,0.6841820740835519,54.0
weighted avg,0.7135722302388968,0.7222222222222222,0.702443980030187,54.0
