,precision,recall,f1-score,support
0,1.0,0.9333333333333333,0.9655172413793104,15.0
1,0.8333333333333334,0.7142857142857143,0.7692307692307693,7.0
2,0.8,0.6666666666666666,0.7272727272727273,6.0
3,0.8333333333333334,0.8333333333333334,0.8333333333333334,6.0
4,0.7777777777777778,0.7777777777777778,0.7777777777777778,9.0
5,0.8333333333333334,1.0,0.9090909090909091,5.0
6,0.75,1.0,0.8571428571428571,6.0
accuracy,0.8518518518518519,0.8518518518518519,0.8518518518518519,0.8518518518518519
macro avg,0.8325396825396826,0.8464852607709751,0.8341950878896692,54.0
weighted avg,0.8574074074074075,0.8518518518518519,0.8503578158750573,54.0
