,precision,recall,f1-score,support
0,0.7647058823529411,0.8666666666666667,0.8125,15.0
1,1.0,1.0,1.0,7.0
2,0.75,0.5,0.6,6.0
3,1.0,0.5,0.6666666666666666,6.0
4,0.6,0.6666666666666666,0.631578947368421,9.0
5,1.0,1.0,1.0,5.0
6,0.75,1.0,0.8571428571428571,6.0
accuracy,0.7962962962962963,0.7962962962962963,0.7962962962962963,0.7962962962962963
macro avg,0.8378151260504201,0.7904761904761904,0.7954126387397064,54.0
weighted avg,0.8124183006535947,0.7962962962962963,0.7891586605402394,54.0
